Approved,Title,CommitCount,Reviews
True,fixes for trial subs,1,[]
True,Draft: Fix/workspace ordering,2,Sundar Shahi
True,refactor: added card details optimistic response after card added,1,[]
True,feat: implemented renew subs and force redirected on billing if cancelled,5,[]
True,Hotfix/sept 15,5,[]
True,Refactor/online offline v3,3,Ritesh  Sainju
True,"Resolve KS-2852 ""Task/hide unimplemented features/""",3,[]
True,WebSocket connection issue on workspace switch fixed,1,Ritesh  Sainju
True,refactor: added skeleton in number settings,1,[]
True,Refactor/notification auto recharge,3,[]
True,Refactor/billing and plan,2,[]
True,Develop,26,[]
True,update cache after mark as read in add contact,1,[]
True,Task/ui fixes 2/ks code,5,[]
True,Refactor/online offline v3,2,Ritesh  Sainju
True,fix: show error toast oncompleted,1,[]
True,Hotfix/support number purchase status,3,[]
True,Task/refactor recent conversation,9,[]
True,ui switch for voicemail transcription,1,Abin Khatiwada
True,Task/refactor data support,2,Sundar Shahi
True,hotfix for qa,3,[]
True,Fix/widget add contact,2,Sundar Shahi
True,Develop,14,[]
True,"Resolve KS-2811 ""Task/no data support ui/""",4,[]
True,Access token added on sending ping,1,Ritesh  Sainju
True,disable call button in topbar if call in progress,1,[]
True,Fix/contact table tags search,2,[]
True,fix double pagination IN SUPPORT,1,[]
True,Develop,30,[]
True,Refactor: Early returned without api call if detail unchanged in team detail update,1,[]
True,Refactor/online offline cache update,9,Ritesh  Sainju
True,Draft: Hotfixes/sept 9,2,[]
True,fix: fixes sep 9 2021,2,[]
True,"Resolve KS-2733 ""Feature/responsive members list 768/""",8,Sundar Shahi
True,Feature/remove pending number,3,[]
True,generate graphql schemas,1,[]
True,Develop,22,[]
True,Feature/permission update,4,Ritesh  Sainju
True,refactor: added filter by ticket number in search,1,[]
True,Fix/contact delete,3,[]
True,Draft: Refactor/online offline,1,Ritesh  Sainju
True,feat: add contact from widdget,1,[]
True,"Resolve KS-2771 ""Feature/members chat responsive ui/""",2,Sundar Shahi
True,Develop,6,[]
True,show team pic in sidebar,1,Sundar Shahi
True,"Resolve KS-2780 ""Task/top notification bar ui/""",5,Sundar Shahi
True,Fix/auto reply custom text,3,Abin Khatiwada
True,Develop,34,[]
True,notes validation fix,1,[]
True,Fix/validation errors,4,[]
True,Fixes/7 sep 2021,2,[]
True,Refactor/online offline,2,Ritesh  Sainju
True,Support/callerid,3,[]
True,Refactor/number purchase,2,[]
True,Fix/edit number name unique check,2,[]
True,Fixes/validation issues,4,Sundar Shahi
True,Hotfix/edit profile by member,2,Ritesh  Sainju
True,Fix/disconnect incomingcall on device destroy,2,Sundar Shahi
True,Develop,19,[]
True,Uat deployment Sept 6,160,[]
True,fixes sep 6 2021,1,[]
True,"Resolve KS-2347 ""Feature/caller id settings/""",4,Sundar Shahi
True,moved setup route,2,[]
True,ui fixes,1,[]
True,API call prevented if data is available locally,1,Ritesh  Sainju
True,fix error message,1,[]
True,Bugfix/custom recordings,2,Ritesh  Sainju
True,QA deployment Sep 3,13,[]
True,Task/responsive screens/ks code,7,Sundar Shahi
True,back to setting on not found,1,[]
True,Bugfix/pinned message search,2,Ritesh  Sainju
True,Develop,22,[]
True,"Resolve KS-2689 ""Bugfix/inviteemailcheck/""",2,[]
True,fix error message in purchase credit and userInvite accept,1,[]
True,support caller id UI,2,[]
True,"Resolve KS-1918 ""Feature/show active members/""",2,Ritesh  Sainju
True,Refactor/routes,2,[]
True,add confirmation modal in caller id settings,1,Sundar Shahi
True,Develop,5,[]
True,Bugfix/contact detail,2,[]
True,upgrade tooltip,1,[]
True,Develop,16,[]
True,Fix/sep 1 2021,2,[]
True,Bugfix/contact detail edit issues,2,[]
True,refactor: rounded total in agents and numbers price,1,[]
True,Task/responsive popups/ks code,2,Sundar Shahi
True,Task/random avatar based on hash,2,[]
True,fix contact edit,1,[]
True,LogScroller Implemented,5,[]
True,clear dnd value on cancle,1,[]
True,QA latest frontend deployment Aug 31,6,[]
True,refactor: added plan remaining days in restore workspace,1,[]
True,Develop,4,[]
True,fix validation on card number,1,[]
True,switch workspace while in call progres,1,[]
True,Develop,57,[]
True,"Resolve KS-2590 ""Task/field validatin/""",4,Abin Khatiwada
True,Bug fix on custom audio player,1,Ritesh  Sainju
True,Hotfix/update,2,Ritesh  Sainju
True,"Resolve KS-2590 ""Task/field validatin/""",2,[]
True,Feature/member to member chat,3,Ritesh  Sainju
True,"Resolve KS-2621 ""Task/caller id ui/""",3,Sundar Shahi
True,"Resolve KS-2590 ""Task/field validatin/""",5,[]
True,fix: unable to change workspace name,1,[]
True,prevent api call if value unchanged in contact edit,1,[]
True,date filter fixes,1,[]
True,tags filter check fixes and workspace restore fixes,1,[]
True,Feature/settings responsive/ks code,2,Sundar Shahi
True,Mvp deployment Aug 27,458,[]
True,Search refactored,1,Ritesh  Sainju
True,Form Validations,16,[]
True,Develop,29,[]
True,Hotfix/padding in settings,1,Sundar Shahi
True,ping triggered on user login,1,Ritesh  Sainju
True,changed fetch policy,1,[]
True,Fixes/27 aug 2021,3,[]
True,Feature/responsive/ks code,10,Sundar Shahi
True,Feature/member to member chat,3,Ritesh  Sainju
True,Feature/support enterprise plan,3,[]
True,uat deployment,63,[]
True,QA deployment 26th Aug 9:11,21,[]
True,Feature/support number port,2,Ritesh  Sainju
True,Develop,40,[]
True,fix: cursor moved to end while updateing number due to auto format,1,[]
True,Hotfixes/allworkspacemembers cache update,3,Sundar Shahi
True,tos and policy link,1,[]
True,added tooltip in information icon,1,[]
True,UAT deployment AUG 23,83,[]
True,Hotfixes/aug 23,3,[]
True,Feature/support dashboard,11,[]
True,Feature/member to member chat,6,Ritesh  Sainju
True,restrict call transfer to agents who are on call,3,[]
True,Hotfix/channels cache update issues,3,[]
True,Prompt to go online added,10,Ritesh  Sainju
True,Draft: Feature/promp to go online,0,[]
True,fixes undefined and null,1,[]
True,Develop,14,[]
True,Bottom scroll on message typing issue fixed,1,Ritesh  Sainju
True,"Resolve KS-2581 ""Bugfix/add contact fixes/""",2,[]
True,Hotfixes/20 aug 2021,3,[]
True,Develop,10,[]
True,support,7,[]
True,Feature/greetings,2,Ritesh  Sainju
True,Feature/greetings,2,Ritesh  Sainju
True,Task/update pin ui dropdown,4,Abin Khatiwada
True,"Resolve KS-2428 ""Feature/mark as read api integration/""",3,[]
True,Fix/duplicate workspaces profile query,2,[]
True,Develop,3,[]
True,Hotfix/number settings path,2,Sundar Shahi
True,Develop,52,[]
True,hide clear all btn in respective filters if filter is not selected,1,[]
True,"Resolve KS-2427 ""Task/ui mark done/""",2,Sundar Shahi
True,fix one device login,1,Ritesh  Sainju
True,Feature/unarchive conversation,7,Sundar Shahi
True,"Resolve KS-2486 ""Feature/responsive individual number/""",3,Sundar Shahi
True,auth context and plan details in workspace,1,[]
True,updated version 0.13.0,1,[]
True,Feature/greetings,3,Ritesh  Sainju
True,Refactor/contact context,3,[]
True,Uat deployment 17 aug 3:11,309,[]
True,Refactor/code cleanup gql,5,[]
True,Refactor/code cleanup gql,2,Sundar Shahi
True,"Resolve KS-1918 ""Feature/show active members/""",3,[]
True,fix un necessary query call,1,[]
True,Refactor/navhelper context,2,[]
True,Refactor/aug 17 2021,2,[]
True,Develop,17,[]
True,number setting context,1,[]
True,clean up code,1,Sundar Shahi
True,"Resolve KS-1918 ""Feature/show active members/""",6,Ritesh  Sainju
True,hide incomplete features related to audio device settings,1,[]
True,Task/number search trial,3,Ritesh  Sainju
True,Develop,37,[]
True,Hotfix/change twilio ttl,4,[]
True,"Resolve KS-2485 ""Feature/responsive number purchase/""",4,Sundar Shahi
True,Refactor/16 aug 2021,6,[]
True,Team members online/offline status updated real time,1,Ritesh  Sainju
True,Develop,37,[]
True,"Resolve KS-1918 ""Feature/show active members/""",3,Ritesh  Sainju
True,"Resolve KS-2484 ""Feature/responsive number list/""",3,Sundar Shahi
True,fix: omited typename from ivrOptions in save,1,Abin Khatiwada
True,port number,2,Ritesh  Sainju
True,Feature/forward call,2,[]
True,bottom loading removed,1,Ritesh  Sainju
True,Develop,44,[]
True,active receipt tab from email redirect link,1,Ritesh  Sainju
True,reset members list in numbers sharing select field,1,Sundar Shahi
True,Api change/auto reply,2,Ritesh  Sainju
True,chore: intercome identity for logged in user,2,[]
True,"refactor: code optimization,  cleanup and console error fixes",3,Ritesh  Sainju
True,Fixes/cache update issues,4,Sundar Shahi
True,"Resolve KS-2483 ""Task/responsive profile settings/""",2,Sundar Shahi
True,device setting,3,[]
True,Api change/auto reply,2,Ritesh  Sainju
True,"Resolve KS-1918 ""Feature/show active members/""",5,Ritesh  Sainju
True,Fixes/11 aug 2021,4,Ritesh  Sainju
True,fix div descendant of p issue,1,Ritesh  Sainju
True,rename animation,1,Sundar Shahi
True,Develop,6,[]
True,Hotfix/aug 11,2,[]
True,"Resolve KS-2459 ""Task/ui functionality ctcwidget/""",2,Sundar Shahi
True,Develop,42,[]
True,reject incoming call if call is inprogress,1,[]
True,"Resolve KS-2370 ""Task/ui click to call setup/""",12,Sundar Shahi
True,"Resolve KS-1918 ""Feature/show active members/""",2,Ritesh  Sainju
True,refactor: memoized  query data,1,Abin Khatiwada
True,"Resolve KS-1918 ""Feature/show active members/""",4,Ritesh  Sainju
True,Fixes/10 aug,2,Tashi Lama
True,Hotfix/console errors warnings,2,[]
True,Refactor/10 aug 2021,6,Ritesh  Sainju
True,handle token twilio token expiry,1,[]
True,add download link,1,Sundar Shahi
True,Develop,11,[]
True,"Resolve KS-2241 ""Task/responsive team contact list 768/""",5,Sundar Shahi
True,Hotfix/handle tagslist error,2,Abin Khatiwada
True,removed unused assets,1,[]
True,Develop,17,[]
True,check micriphone in phone widget for incoming calls,1,Sundar Shahi
True,Hotfix/device settings,2,[]
True,"Resolve KS-1918 ""Feature/show active members/""",8,Ritesh  Sainju
True,"update unseencount batch, change plan pop up",2,Abin Khatiwada
True,Develop,7,[]
True,track number porting event and send to intercom,1,Ritesh  Sainju
True,Feature/plans setup,2,Sundar Shahi
True,update version,1,[]
True,Develop,2,[]
True,fix default value issue,1,[]
True,Develop,45,[]
True,validate ivr Options,1,[]
True,Mutation name changed,1,Ritesh  Sainju
True,show loading on submit,1,[]
True,Feature/plans setup,8,Ritesh  Sainju
True,[HOTFIX]: fix transfer issue,4,[]
True,resolved issue for call transfer,3,[]
True,Feature/call recording transcription,5,[]
True,Develop,11,[]
True,disable audio settings if not supported,1,Sundar Shahi
True,Feature/ivr settings,23,[]
True,"Resolve KS-1918 ""Feature/show active members/""",3,Ritesh  Sainju
True,"Resolve KS-1918 ""Feature/show active members/""",4,Sundar Shahi
True,Develop,11,[]
True,Bug fixes/aug 3,2,Abin Khatiwada
True,Bug fixes/aug 3,2,[]
True,fix: boot intercom on each refresh,1,Ritesh  Sainju
True,"Resolve KS-2365 ""Task/ui ivr message tts/""",2,Sundar Shahi
True,Develop,3,[]
True,Bug fixes/aug 3,2,Sundar Shahi
True,Develop,36,[]
True,Latest mvp build,316,[]
True,Krispcall Client Uat Build,97,[]
True,integrate intercom,1,Ritesh  Sainju
True,disable call hold temporarily for deployment,1,[]
True,"Resolve KS-2211 ""Feature/notification settings/""",3,Abin Khatiwada
True,Feature/plans setup,11,Ritesh  Sainju
True,fix: number already exist error toast on add tag from widgget,1,Ritesh  Sainju
True,Develop,21,[]
True,"Resolve KS-2210 ""Feature/change audio device twilio/""",7,[]
True,"Resolve KS-2264 ""Bug/fix search highlight/""",3,Sundar Shahi
True,fix loading on add number,1,Ritesh  Sainju
True,Feature/greetings v2,4,Ritesh  Sainju
True,Quickfix/stripe unhandled error message,1,Ritesh  Sainju
True,Quickfix/status not updated after purchase,3,Ritesh  Sainju
True,"Resolve KS-2211 ""Feature/notification settings/""",7,[]
True,"Resolve KS-2333 ""Task/dropdown greetings tts/""",3,Abin Khatiwada
True,"Resolve KS-2322 ""Task/fix design greetings/""",2,Abin Khatiwada
True,Develop,33,[]
True,refactor memberNode schema,5,Ritesh  Sainju
True,hot fix member count,1,Ritesh  Sainju
True,Task/call hold endcall subscription,10,[]
True,Bugfix/chat scroll,2,Ritesh  Sainju
True,"Resolve KS-2242 ""Task/responsive error states/""",4,Sundar Shahi
True,Develop,38,[]
True,resolve console error for draggable widget component in strictmode,1,Sundar Shahi
True,Feature/greetings v2,5,Ritesh  Sainju
True,Refactor/number search,2,Ritesh  Sainju
True,Latest UAT build,153,[]
True,show audio input output devices in settings,1,Sundar Shahi
True,"Resolve KS-2209 ""Refactor/twilio migration v2.0/""",8,[]
True,Hot fix on upload modal,1,Ritesh  Sainju
True,Task/restrict member add if no card,3,Ritesh  Sainju
True,"Resolve KS-2240 ""Task/responsive contact team list 992/""",4,Sundar Shahi
True,Feature/greetings v2,7,Ritesh  Sainju
True,Fix/capitalize names,2,Ritesh  Sainju
True,Develop,5,[]
True,Hotfix/july 26,2,Sundar Shahi
True,fix number price in number table,1,Ritesh  Sainju
True,Develop,4,[]
True,quick fix,1,Ritesh  Sainju
True,changed contact id to contact number in payload for conversation search,1,Abin Khatiwada
True,Develop,3,[]
True,Hotfix/call hold,2,[]
True,Develop,2,[]
True,Develop,2,[]
True,resolved issue for multiple addContact api call for tags edit from call widget,1,Sundar Shahi
True,Develop,94,[]
True,Refactor/client contact call hold,2,[]
True,fixed issue for add tags from call widget,1,[]
True,change payload for add pinned. use phone instead of contact id,1,Sundar Shahi
True,Refactor/client contact call hold,4,Sundar Shahi
True,Draft: Develop,94,[]
True,fix for same bg and foreground color,1,[]
True,Refactor/client contact call hold,46,[]
True,Develop,23,[]
True,Hotfix/workaround for same foreground and background,2,[]
True,Hotfix/number delete not reflected on sidebar,2,Ritesh  Sainju
True,Config/translation files,3,[]
True,fix tag count,1,Ritesh  Sainju
True,update patch version,1,[]
True,"Resolve KS-1230 ""Feature/one device one login/""",11,Ritesh  Sainju
True,fix showing wrong toast in tts save change,1,Ritesh  Sainju
True,Fix/member not showint in team add dropdown,3,Ritesh  Sainju
True,"fix row event issue in contact,member tables",2,Sundar Shahi
True,"Draft: Resolve KS-1957 ""Task/create email templates/""",14,Sundar Shahi
True,Develop,2,[]
True,fix nav active highlight,1,Sundar Shahi
True,Develop,36,[]
True,Feature/greetings,11,Ritesh  Sainju
True,Task/call hold api integration,23,[]
True,Refactor/changes in allworkspace member schema,2,Ritesh  Sainju
True,UAT deployment,314,[]
True,no index,1,[]
True,no index,1,[]
True,Refactor/cleanup code and refactor login,9,Ritesh  Sainju
True,removed unused imports,1,Ritesh  Sainju
True,"Resolve KS-2132 ""Task/responsive ui team list/""",4,Sundar Shahi
True,"fix greetings design, disable autoreply select",1,Abin Khatiwada
True,Deploy,5,[]
True,Feature/greetings,2,Sundar Shahi
True,Update package.json version,1,[]
True,Develop,14,[]
True,fix duplication issue in reorder,1,Ritesh  Sainju
True,"Resolve KS-2131 ""Task/responsive ui contact list/""",6,Sundar Shahi
True,"Resolve KS-2085 ""Task/show selected dnd/""",2,Sundar Shahi
True,Fix/deleting member doesnot reflect in sidebar/ ks-2087,1,Ritesh  Sainju
True,Develop,4,Pravesh Chapagain
True,Hotfix/fetch channels from seprate query,3,Ritesh  Sainju
True,QA build latest,33,[]
True,Develop,33,[]
True,save channel order in DB,1,Ritesh  Sainju
True,"Resolve KS-2138 ""Fix/reconnect ws on workspace switch/""",2,Sundar Shahi
True,refine refactor card form,1,Sundar Shahi
True,Task/rearrange workspace api integration,4,[]
True,Develop,21,Parzival
True,Config/cache busting and webpack config,8,Ritesh  Sainju
True,validate field length,1,[]
True,Feature/auto reply,4,Sundar Shahi
True,"Resolve KS-2081 ""Task/new design greetings/""",4,Abin Khatiwada
True,Develop,23,[]
True,fix remove number from cart,1,Ritesh  Sainju
True,Feature/greetings upload,10,Ritesh  Sainju
True,Feature/greetings upload,7,[]
True,Task/design for invalid invitation,2,Ritesh  Sainju
True,"Resolve KS-2072 ""Task/implement drag n drop lib/""",6,Ritesh  Sainju
True,Develop,3,[]
True,"Resolve KS-2076 ""Task/show memberinfo memberchat topbar/""",2,Abin Khatiwada
True,Develop,2,[]
True,replace dummy data with real data in member chat topbar,1,[]
True,Hotfix/rename styles,1,[]
True,Develop-deploy-15-07-2021,61,Pravesh Chapagain
True,fix broken files,1,[]
True,add unique key in map,1,Ritesh  Sainju
True,removed unused component,1,[]
True,"Resolve KS-2068 ""Refactor/contact member detail/""",3,Sundar Shahi
True,"Resolve KS-2064 ""Refactor/conversation ui/""",4,Ritesh  Sainju
True,Hotfix/14 07 2021,2,Ritesh  Sainju
True,"Resolve KS-1833 ""Feature/number delete/""",5,Sundar Shahi
True,"update spacing, refine conversation ui",1,Ritesh  Sainju
True,"Resolve KS-2036 ""Task/member chat topbar update refactor/""",6,Ritesh  Sainju
True,fix: KS-2034,3,Tashi Lama
True,Fix/no permission data after tab change,4,Ritesh  Sainju
True,refactor number and user price fetching,3,[]
True,"Resolve KS-1962 ""Task/draggable ordering numbers/""",3,Ritesh  Sainju
True,add drag n drop to order workspace item,1,Sundar Shahi
True,"Resolve KS-1843 ""Feature/view profile pic/""",4,Ritesh  Sainju
True,Task/responsive ui callbox update/ks code,3,Sundar Shahi
True,Deploy latest,0,[]
True,Latest deploy,20,[]
True,Hotfix/callstatus navbar search,3,Sundar Shahi
True,Refactor/number purchase requirements,3,Ritesh  Sainju
True,"Resolve KS-1909 ""Bugfix/widget unclickable issue/""",2,Ritesh  Sainju
True,Feature/add card on register,5,Sundar Shahi
True,"Resolve KS-1881 ""Bug/fix voicemail duration/""",2,Ritesh  Sainju
True,Latest deploy,8,[]
True,Hotfix/memeber msg seen count reset,5,[]
True,Refactor/template,1,[]
True,Latest QA Build,22,[]
True,Task/download invoice,2,Ritesh  Sainju
True,"Resolve KS-1892 ""Task/api integration member chat seen/""",2,[]
True,show notfound image for search text in nav bar,1,[]
True,"Resolve KS-295 ""Feature/navigation search/""",7,Abin Khatiwada
True,make call filter menu clickable for smaller resolution,1,[]
True,Latest frontend deploy,18,[]
True,invoice template,3,Tashi Lama
True,"Resolve KS-1780 ""Task/callbox responsive tablet/""",3,Sundar Shahi
True,"Resolve KS-1896 ""Task/allow newline chatbox input/""",5,[]
True,Refactor/number purchase,7,Ritesh  Sainju
True,Latest QA build,48,[]
True,Hotfix/cleanup contact selected row on unmount,3,[]
True,fix client name and profile pic of unknown,1,Ritesh  Sainju
True,Task/change clientdnd payload,2,Sundar Shahi
True,Hotfix/permission refetch,2,[]
True,"Resolve KS-1882 ""Task/create card detail page/""",2,Abin Khatiwada
True,Hotfix/permission refetch,2,Sundar Shahi
True,"Resolve KS-1596 ""Feature/unseen badge count memberchat/""",4,Abin Khatiwada
True,"Resolve KS-1889 ""Task/show activechannel data in responsive callbox/""",2,Abin Khatiwada
True,"Resolve KS-1701 ""Feature/receipts/""",10,Ritesh  Sainju
True,"Resolve KS-1779 ""Task/callbox responsive ui w992/""",6,Sundar Shahi
True,"Resolve KS-1446 ""Hotfix/client dnd/""",3,Sundar Shahi
True,Merging and deploying,36,[]
True,show missed call with voicemail in call filter,1,Sundar Shahi
True,Feature/chat scroll,2,Abin Khatiwada
True,Hotfixes/7 5 2021,6,Ritesh  Sainju
True,resolved issue for selected contacts text in contacts table on delete,1,[]
True,add copy email feature in team members list and member detail page,2,[]
True,Feature/chat scroll,7,Ritesh  Sainju
True,Hotfix/destroy twilio device on worksapce change,3,Sundar Shahi
True,Refactor/authorization,5,Ritesh  Sainju
True,Latest changes,0,[]
True,Develop,33,[]
True,Hotfix/access management,2,Sundar Shahi
True,Feature/contact search,2,Ritesh  Sainju
True,Feature/show toast for blocked contact while calling from dialer,4,Ritesh  Sainju
True,"Resolve KS-1445 ""Feature/team members list/""",21,[]
True,"Resolve KS-1778 ""Task/callbox responsive ui desktop/""",6,Sundar Shahi
True,Merging with Develop,71,[]
True,Hotfix/july 01 bugs,2,[]
True,Feature/contact search,3,Ritesh  Sainju
True,Refactor/twilio device setup,3,Sundar Shahi
True,Task/components for reset password from member list,3,[]
True,"Resolve KS-1787 ""Task/ui one user login/""",3,Sundar Shahi
True,Refactor/billing info auto recharge,2,[]
True,ui for missed voice mail,1,Ritesh  Sainju
True,"Resolve KS-1758 ""Bug/unselect table rows on contact import/""",2,[]
True,"Resolve KS-1784 ""Task/reuse design in greetings/""",1,Abin Khatiwada
True,"Resolve KS-1769 ""Task/ui greetings custom recording/""",2,Abin Khatiwada
True,"Resolve KS-1623 ""Feature/delete pending invitation/""",2,Ritesh  Sainju
True,Code Cleanup,2,Ritesh  Sainju
True,"Resolve KS-1760 ""Refine/ui greetings welcome/""",3,Abin Khatiwada
True,Feature/seen message(Update Badge Count),7,Ritesh  Sainju
True,Hotfix/6 29 2021,3,Ritesh  Sainju
True,Feature/contact search,2,Ritesh  Sainju
True,typo fix for client dnd success msg,1,[]
True,Develop,11,[]
True,"Resolve KS-1738 ""Task/ui greetings welcome/""",2,Abin Khatiwada
True,API end point changed on conversation search,1,Ritesh  Sainju
True,chat head highlighter reset in 1 seconds,1,[]
True,Feature/contact search,3,Sundar Shahi
True,Bugs/6 28 2021/fix,2,Ritesh  Sainju
True,Develop,5,[]
True,"Resolve KS-1751 ""Feature/contactlist more option/""",2,Ritesh  Sainju
True,fixed error for archive filter and make dropdwon menu visible even aftar menu item is clicked,1,Sundar Shahi
True,Develop,56,[]
True,Feature/dnd for client,9,Sundar Shahi
True,Hotfix/plan new design for custom plan,3,Ritesh  Sainju
True,Task/archive filter conversationbox/ks1438,2,[]
True,Feature/conversation search bugfix,6,Ritesh  Sainju
True,"Resolve KS-1682 ""Task/new ui settings notification/""",2,Ritesh  Sainju
True,Hotfixes/june 25,2,[]
True,"Resolve KS-1671 ""Task/member chat avatar/""",4,Ritesh  Sainju
True,Refactor/6 24 2021,3,Ritesh  Sainju
True,Refactor/search number and workspaces delete,7,Ritesh  Sainju
True,"Resolve KS-1438 ""Feature/conversation filter/""",8,Sundar Shahi
True,Develop,33,[]
True,"Resolve KS-1667 ""Task/add member team auth/""",3,Abin Khatiwada
True,"avatar sizing, avatar placeholder refactor",1,Abin Khatiwada
True,Refactor/change plan,7,Ritesh  Sainju
True,Feature/conversation search bugfix,3,Ritesh  Sainju
True,Bug/show active workspace on login,2,Sundar Shahi
True,update filer buttons ui,1,Ritesh  Sainju
True,Feature/conversation search bugfix,4,[]
True,"Resolve KS-1640 ""Task/ui pinned message/""",1,Abin Khatiwada
True,Develop,69,[]
True,"Resolve KS-1646 ""Task/add close in drawer/""",2,Abin Khatiwada
True,Refactor/workspace delete,5,Ritesh  Sainju
True,Hotfix/import customavatar in topbar,3,Sundar Shahi
True,"Resolve KS-1643 ""Feature/audio player multi transfer call/""",2,Sundar Shahi
True,"Resolve KS-1627 ""Task/audio player speed/""",2,Ritesh  Sainju
True,Feature/conversation search bugfix,21,Ritesh  Sainju
True,Task/generate new token for fcm on new login,2,Sundar Shahi
True,"Resolve KS-1615 ""Task/ui change plan/""",3,Sundar Shahi
True,Refactor/settings member/new changes,5,Ritesh  Sainju
True,Qa,372,[]
True,import csv feature if contacts  empty,3,Abin Khatiwada
True,"Resolve KS-1562 ""Task/ui conversation search/""",3,Ritesh  Sainju
True,"Resolve KS-1470 ""Feature/restore workspace/""",9,Ritesh  Sainju
True,api integration for call cancel,1,Sundar Shahi
True,"Resolve KS-1562 ""Task/ui conversation search/""",5,Abin Khatiwada
True,Task/show desktop notification on tab active,2,[]
True,Develop,3,[]
True,implemented send digit feature from dialpad,2,Sundar Shahi
True,Draft: Develop,0,[]
True,Latest dev changes,9,[]
True,changed firebase config,1,Sundar Shahi
True,Bug/add contact profile pic issues,2,Sundar Shahi
True,Develop,58,Pravesh Chapagain
True,"Resolve KS-1543 ""Feature/play single audio in chat/""",3,Abin Khatiwada
True,"Resolve KS-1275 ""Feature/cancel subscription/""",5,Ritesh  Sainju
True,"Resolve KS-1552 ""Task/member chat fixes/""",3,Sundar Shahi
True,qa pipeline trigger removed,1,[]
True,Refactor/fixes and refinement,5,Ritesh  Sainju
True,"Resolve KS-1473 ""Feature/purchase credit/""",7,Abin Khatiwada
True,refine refactor dnd for client,1,Sundar Shahi
True,Develop,287,[]
True,"Resolve KS-1241 ""Feature/desktop notification/""",9,[]
True,Hotfix/bugs,4,Ritesh  Sainju
True,"Resolve KS-1420 ""Task/update number sharing/""",4,Ritesh  Sainju
True,"Resolve KS-1457 ""Task/ui chat filter/""",3,Sundar Shahi
True,Qa merge request,1,[]
True,Feature/change plan and fetch billing info,5,Ritesh  Sainju
True,Testing qa pipeline,15,[]
True,Staging,10,[]
True,Develop,9,[]
True,Feature/notification auto recharge in billing,4,Ritesh  Sainju
True,Feature/member to member chat,11,Sundar Shahi
True,Merge request test,1,[]
True,Bug/fixes,4,Ritesh  Sainju
True,"Resolve KS-191 ""Feature/delete workspace/""",8,Ritesh  Sainju
True,Staging,3,[]
True,Develop,2,[]
True,Feature/billing overview,4,Ritesh  Sainju
True,Develop,22,[]
True,"disable calling others if widget is still on, refine disabled styles",1,Ritesh  Sainju
True,fix multiple contacts selection overflow on pagination,1,Sundar Shahi
True,Task/handle unknown contact agents,11,Sundar Shahi
True,"Resolve KS-1389 ""Task/ui refining contactlist/""",1,Sundar Shahi
True,"Resolve KRISP-1390 ""Feature/search agents from api in share access/""",2,Ritesh  Sainju
True,"fix name display logic, design issues",1,Ritesh  Sainju
True,refine reply with text,1,Ritesh  Sainju
True,"Resolve KS-1381 ""Refactor/chat number sharing/""",3,Sundar Shahi
True,refactor shared access and number settings,2,Ritesh  Sainju
True,Develop,22,[]
True,"Resolve KS-1310 ""Task/ui number sharing agents/""",3,Ritesh  Sainju
True,fix codegen generate,1,Ritesh  Sainju
True,Feature/access management,9,[]
True,"Resolve KS-1308 ""Feature/reply text call widget/""",5,Sundar Shahi
True,"Resolve KS-1366 ""Refactor/csv import/""",2,Ritesh  Sainju
True,fix: [BUG] restricted to create empty tag shown error toast,1,Ritesh  Sainju
True,hide Incoming call strategy for Member's view,1,Abin Khatiwada
True,fix flickering issue in widget,1,Ritesh  Sainju
True,Develop,4,[]
True,fetched card bran from api,1,Ritesh  Sainju
True,Changes made for Number sharing,3,Sundar Shahi
True,Merge Develop to Staging,20,[]
True,"Resolve KS-1307 ""Task/import csv contact integration/""",2,Sundar Shahi
True,"Resolve KS-1350 ""Task/ui settings refine refactor/""",9,Sundar Shahi
True,Feature/setup stripe sdk and Payment flow,15,Ritesh  Sainju
True,"Resolve KS-1343 ""Task/new ui billings/""",4,Sundar Shahi
True,Feature/fetch plans from api,2,Ritesh  Sainju
True,"Resolve KS-1342 ""Task/ui auto reply settings/""",2,Sundar Shahi
True,merge Develop in staging,26,[]
True,Task/handle case for international calls,5,Sundar Shahi
True,Bugs/hot fixes,2,Ritesh  Sainju
True,Feature/authorization,17,Ritesh  Sainju
True,new ui implementation csv,1,Ritesh  Sainju
True,Feature/access management,2,[]
True,"Resolve KS-1326 ""Task/refine contact detail pp/""",2,Sundar Shahi
True,merge develop code in staging,42,[]
True,Feature/access management,6,Tashi Lama
True,Task/call recording fixes,3,Sundar Shahi
True,update sideworkspacebar with member view,1,Abin Khatiwada
True,Feature/access management,3,Ritesh  Sainju
True,Hotfix/make default auth admin,1,Ritesh  Sainju
True,"Resolve KS-1311 ""Task/ui rbac/ 1306""",2,Abin Khatiwada
True,Task/disable transferbtn for transferred call,2,Sundar Shahi
True,"Resolve KS-1212 ""Task/ui rbac billings/""",6,Abin Khatiwada
True,Bugs/fixes and refactor,6,Ritesh  Sainju
True,Access manamgnet issue on workplace create privilege fixed,1,Abin Khatiwada
True,"Resolve KS-1283 ""Task/ui rbac workplace pp update/""",7,Abin Khatiwada
True,Feature/access management,7,Ritesh  Sainju
True,Member's view settings/team ui,4,Abin Khatiwada
True,"Resolve KS-1234 ""Feature/member search/""",5,Ritesh  Sainju
True,default private option  selection for add contact,1,Sundar Shahi
True,feat: contact profile upload fron detail page,1,Ritesh  Sainju
True,"Resolve KS-1210 ""Task/ui rbac numbers/""",2,Abin Khatiwada
True,show transferedAudio in callbox,2,Sundar Shahi
True,"Resolve KS-1215 ""Bug/respective workspacedata not showing/""",4,Sundar Shahi
True,fixed updating cache even in error,1,Ritesh  Sainju
True,update workplace ui for member's view,1,Abin Khatiwada
True,"Resolve KS-1207 ""Task/ui rbac/"" screen: settings/member",2,Abin Khatiwada
True,"Resolve KS-1196 ""Task/ui refining call states/""",2,[]
True,fixed showing wrong flag,1,Ritesh  Sainju
True,"Resolve KS-1184 ""Task/ui animated wave/""",3,[]
True,show call duration in feedback screen for incoming and outgoing calls,1,Sundar Shahi
True,Phone widget new design,91,[]
True,Develop,4,[]
True,Call Transfer feature for incoming calls,13,Sundar Shahi
True,refactor: separate styles according to screens,2,Ritesh  Sainju
True,"Resolve KS-1089 ""Feature/contacts forward backward pagination/""",4,Ritesh  Sainju
True,"KS-1174 ""Task/refine refactor feedback screen/""",2,Ritesh  Sainju
True,update call transfer list height for incoming/outgoing,1,Ritesh  Sainju
True,"display widget settings, fix line-height in settings dropdown",1,Ritesh  Sainju
True,add spacings in scrollbar,1,Ritesh  Sainju
True,inspect & refine spacings in widget body ( Call in progress  screen),1,Ritesh  Sainju
True,Show channel info in phone widget topbar(incoming and outgoing calls),3,Sundar Shahi
True,"KS-1154 ""Task/refine refactor widget incoming outgoing except call in progress/""",3,Ritesh  Sainju
True,fix call end btn flickering issue,1,Ritesh  Sainju
True,"fix svg issue, show call transfer ui in incoming call",2,Ritesh  Sainju
True,refine end call screen,6,Ritesh  Sainju
True,Task/contatc logs from contact,2,Ritesh  Sainju
True,Call ended screen after the call disconnected,1,Sundar Shahi
True,"Update KS-1035 ""Task/call transfer ui/""",4,Ritesh  Sainju
True,"Resolve KS-1059 ""Task/timer for call recording widget/""",4,Sundar Shahi
True,single action handler for call and message action in contact,1,Ritesh  Sainju
True,remove add button from call end screen,1,Ritesh  Sainju
True,Refactor/widget call,7,Ritesh  Sainju
True,edit note in  incoming outgoing widget,2,Sundar Shahi
True,add tag and update contact from incomming and outgoing,2,Ritesh  Sainju
True,Add notes in incoming call widget with editable field in end call screen,3,Sundar Shahi
True,Refactor/widget tag,2,Tashi Lama
True,"refactor Call in Progress, ui fixes",4,Ritesh  Sainju
True,Show added notes outgoing call widget,2,Sundar Shahi
True,Add notes outgoing call,7,Sundar Shahi
True,Update branch,6,[]
True,make separate screens from callinprogress,3,Ritesh  Sainju
True,Refactor/add contact and fixes,4,Ritesh  Sainju
True,Task/refactor widget outgoing,2,Ritesh  Sainju
True,"KS-994 ""Task/redesign incoming widget/""",3,Ritesh  Sainju
True,Refactor/chatbox  anad logs (Seprated query and UI ),3,Ritesh  Sainju
True,Task/refactor outgoing widget redesign,3,Sundar Shahi
True,Incoming call Recording,4,Sundar Shahi
True,"Resolve KS-906 ""Task/image upload team/""",5,Ritesh  Sainju
True,feat: current user mark in sidebar member,1,Ritesh  Sainju
True,separate my number columns,1,Tushant Khatiwada
True,Refactor/contact detail,2,Sundar Shahi
True,Refactor/add number to cart,2,Tushant Khatiwada
True,change route of number/add to buy,1,Tushant Khatiwada
True,used hooks for graphql operation and local states,1,Sundar Shahi
True,refactor: fetched pinned message of channel without depending on contact,2,Ritesh  Sainju
True,hot fix new conatct removed use of history state,1,Tushant Khatiwada
True,removed use of history state for new contact logs,5,Ritesh  Sainju
True,Feature/pin unpin contact log,9,Ritesh  Sainju
True,record outgoing calls,4,Sundar Shahi
True,pin contact ui,0,Tushant Khatiwada
True,changed with expected no contact ui,3,Sundar Shahi
True,Task/show new contact message logs,3,Sundar Shahi
True,sepration ofmutation and form in password reset-forgot,1,Ritesh  Sainju
True,voicemail integration in chatbox,1,[]
True,Bug/team member delete,6,Ritesh  Sainju
True,Bug/quick fixes,2,Ritesh  Sainju
True,Bug/team member delete,4,Ritesh  Sainju
True,Bug/sidebar,6,Ritesh  Sainju
True,contact detail is shown on refresh,5,Ritesh  Sainju
True,refactor:seprate mutation and UI logic in member,1,Ritesh  Sainju
True,Bug/ks 1002,4,Ritesh  Sainju
True,Task/redesign dialer/ks 996,2,[]
True,Bug/ks 982 and refactor schema,9,Ritesh  Sainju
True,fixed call type icon in contact logs based on cal direction and status,1,Sundar Shahi
True,Bug/input field text color/ks 967,4,[]
True,Task/ui fixes/ks,5,Sundar Shahi
True,Remove agent name in call status,1,[]
True,fix not able to add member in team,1,[]
True,Refactor/separate UI api pinmessage,4,[]
True,Refactor/team,4,[]
True,Task/test refine refactor UI,7,[]
True,migrated to hook-form v7 ,10,[]
True,separate mutation api logic for send sms,1,[]
True,Refactor/separate UI api chatbox messages,3,[]
True,seprate api logic and UI,3,[]
True,Bug/disallow space as first char,2,[]
True,Refactor/chatbox message component,2,[]
True,Task/contact logs refactor,5,[]
True,Task/websocket authentication,3,[]
True,refactor workspace member delete,1,[]
True,Refactor/seprate api and UI logic,2,[]
True,debounce workspace switch and break ui and logic,1,[]
True,Task/UI fixing,8,[]
True,bug[FIX]:remove contact row selection after action,1,[]
True,Chatbox show msg delivered,2,[]
True,Bug/fix not showing member profilePicture in sidebar,2,[]
True,Refactor/channel dnd,4,[]
True,Task/UI fix table filter dropdown,3,[]
True,hide loggedin user from members list of sidebar,1,[]
True,Task/checkout numbers,3,[]
True,Bugfixes/workspace detail sidebar,3,[]
True,Bug/share access edit fix/ks 905,4,[]
True,Refactor/cache modify evict gc,7,[]
True,Bug/ks 903/profile image,6,[]
True,"update query for members, ui functionality, check icon",1,[]
True,Task/update call duration callstatus chatbox,7,[]
True,Task/list  item in cart and remove item from cart,10,[]
True,Task/UI fixes/ks 935,3,[]
True,refactor: twilliow provider only in private route,1,[]
True,refactor: remove useLoading and fix undefined error,1,[]
True,Task/update contact logs tab,12,[]
True,Bug/wrong delete pop,2,[]
True,Task/UI fixes and refactor,8,[]
True,Hotfix/show call icon sms in contactlogs,2,[]
True,show icons for incoming outgoing and show partial sms text in recent conversation,1,[]
True,Task/add to cart,5,[]
True,fixed issue for message flicker in chatbox,1,[]
True,show call duration for completed calls,2,[]
True,Code refactors,20,[]
True,Feature/mute mic phone widget/ks 876,4,[]
True,fix console errors,1,[]
True,Task/UI fixes/ks 867,4,[]
True,console error fixes for duplicate key,3,[]
True,Bugfixes/chatbox sendsms,4,[]
True,fix: undefined  user during verification,1,[]
True,removed unnecessary props passing and memoized styled atom,1,[]
True,Task/refine number settings 2/ks 856,5,[]
True,fix inbox ui,1,[]
True,Refactor/requested change and fixes,4,[]
True,Bug/archive add confirmation and update cache/ks 267,4,[]
True,Task/call status plan,2,[]
True,removed email population on change email form,1,[]
True,Task/senty integration,12,[]
True,slight issue on reply with message,1,[]
True,Task/refine numbers/ks 828,5,[]
True,fix not showing team update toast,1,[]
True,fix: KS-305 automatic remove team member while adding new,1,[]
True,fix unbable to share number,1,[]
True,Task/workspace changes default workspace,2,[]
True,null value in team member,1,[]
True,constants used as CAPITAL,1,[]
True,optimize number search,1,[]
True,Hotfix and graphql generate,2,[]
True,Task/show only completed callstatus/ks 827,3,[]
True,show message after sending right away,1,[]
True,twilio device refine,9,[]
True,[FIX] status not changed after email verification from toast,1,[]
True,Task/numbers pending purchase UI/krisp 1385,4,[]
True,search number by match,3,[]
True,[Number Search ] use functional version of useState to prevent re-render,2,[]
True,Task/search number api integration,5,[]
True,Task/UI fixes/krisp 1383,3,[]
True,schema fixes,1,[]
True,Task/UI fixes/krisp 1364,7,[]
True,refresh results with refetch,1,[]
True,infinite scroll in member list and invited member list,1,[]
True,Task/search number,4,[]
True,Schema fixes,4,[]
True,number cart new UI,1,[]
True,Task/refine contacts blocked/krisp 1332,5,[]
True,Task/search number new UI,7,[]
True,Fixes on conversation,12,[]
True,refactor all dropdowns,1,[]
True,remove workspaceid,1,[]
True,refactor: show correct flag in numbercard dropdown,1,[]
True,Refactor/fixes certain edge cases,8,[]
True,Task/fixes UI/krisp 1293,3,[]
True,api integration,2,[]
True,"fix member add, remove and update in team setting",1,[]
True,one space removed in classname,1,[]
True,removing workspace id once user logs out,2,[]
True,cleanup selected row in unmount,1,[]
True,exception handling for device offline and no audio device  access,1,[]
True,validate number according to country from dialer,1,[]
True,Task/refine UI/krisp 1279,8,[]
True,avoid number duplication on cart,4,[]
True,Feature/badge count numbers/krisp 1280,2,[]
True,bugs:[FIX] validate numbers according to country,3,[]
True,Task/update billing information,4,[]
True,delete contact implementation,1,[]
True,Task/UI fixes/krisp 1240,7,[]
True,removed empty file,2,[]
True,Add remove number from cart,2,[]
True,Task/filter blocked contact,3,[]
True,Contact block multiple,8,[]
True,Task/auto turn off dnd/krisp 1241,7,[]
True,Task/refine dnd UI/krisp 1239,2,[]
True,block unblock contact new ui,1,[]
True,donot allow caller to dail own number,2,[]
True,Task/dnd dropdown UI final,3,[]
True,fix <=9,1,[]
True,Refactor/code cleanup,3,[]
True,Task/prepend zero utils,2,[]
True,pause notification end time,4,[]
True,Hotfixes/april 2,2,[]
True,Refactor/sticky contat details page,2,[]
True,Refactor/fixes,2,[]
True,removed emoji container from number setting,1,[]
True,Feature/channel dnd turn off/krisp 539,2,[]
True,Fix/inbox UI/krisp 1209,6,[]
True,Task/disable message input,2,[]
True,Task/contacts filter from tags/krisp 1223,2,[]
True,Hotfix/dialer input form fixes,2,[]
True,add do not disturb dropdown rough ui,1,[]
True,contacts filter from tags,4,[]
True,fix translation key,2,[]
True,Feature/block contact/krisp 544,2,[]
True,Refactor/phone call widget,3,[]
True,Channel dnd - more work is left yet,4,[]
True,Add pop up on contact csv import,4,[]
True,fix tag color and profilePicture not showing in contact list,1,[]
True,refactor: forced render pannel to stop internal lazyLoading,1,[]
True,Task/refactor refine UI krisp 1199,5,[]
True,using constants for action type,1,[]
True,use constants on actions,2,[]
True,Task/tag navigation dnd status,3,[]
True,Feature/reset password/krisp 560,8,[]
True,Task/handle outgoing call,12,[]
True,Task/spinner component,4,[]
True,set channel DND status,4,[]
True,Refactor/tags krisp 1195,3,[]
True,Task/edit share access krisp 1193,9,[]
True,Task/refactor mic,3,[]
True,fix contact search,1,[]
True,Refactor/share access,3,[]
True,Task/add translation settings/krisp 1184,5,[]
True,Feature/add tags from contact/krisp 540,23,[]
True,Fix/contact detail flicker,2,[]
True,editing state for share access,3,[]
True,fixed issue in number name edit,1,[]
True,Feature/share number with team/krisp 988,2,[]
True,Task/general settings edit update cache/krisp 1170,2,[]
True,Task/general settings edit update cache/krisp 1170,2,[]
True,Fixed issue in client notes and changes made for Userprofile fragments,1,[]
True,Feature/view number settings/krisp 864,2,[]
True,Feature/view number settings/krisp 864,3,[]
True,Feature/search available number,3,[]
True,Task/UI microphone check/krisp 1181,5,[]
True,Feature/add tags from contact/krisp 540,3,[]
True,Feature/add tags from contact/krisp 540,1697,[]
True,Feature/search available numbers/krisp 840,7,[]
True,Refactor/code splitting,2,[]
True,Refactor/code splitting,2,[]
True,Hotfix/contacts caching,2,[]
True,Feature/list tags navigation/krisp 1158,5,[]
True,Task/settings members dropdown refine/krisp 1178,3,[]
True,update,1,[]
True,refactor: edit number folder structure and remove unnecessary code.,1,[]
True,task/update-call-logs-from-subscription,1,[]
True,Feature/list all my numbers/krisp 841,7,[]
True,Task/contact api changes fix,4,[]
True,handle conditions for call option in contact list/detail,1,[]
True,Feature/update call status/krisp 914,13,[]
True,useOnclickOutside,2,[]
True,Refactor/atomic design structure,2,[]
True,restructure folder atomic design,2,[]
True,refactor: seprated delete modal component from setting member dropdown,1,[]
True,Refactor/number card,4,[]
True,Task/UI custom tags/krisp 1164,11,[]
True,Bugs/contact add detail,5,[]
True,Refactor/add utility and fix bug,4,[]
True,Twilio client,36,[]
True,Task/UI tags/krisp 1152,4,[]
True,Task/list number from api in member,2,[]
True,Task/unpin message from top bar,11,[]
True,fix: undefined in new contact,1,[]
True,Task/refine UI member invite/krisp 1140,4,[]
True,Feature/search  and filters,9,[]
True,Task/refactoring/krisp 1131,5,[]
True,Bug/existing member invite/krisp 1017,3,[]
True,Bug/back to team list after delete,1,[]
True,Persist and Rehydrate Cache,2,[]
True,add badge,4,[]
True,Task/disable message now button on detail page,1,[]
True,using typePolicies to show unseen count on Channel Type,1,[]
True,Task/refine UI/k risp 1123,3,[]
True,Bug/default language/krisp 1116,3,[]
True,refactor: redirect to number buy page on no number,1,[]
True, [FIX #272 ] allContact query didn't cleared after navigate to others route,2,[]
True,showing new conversation count on a badge,2,[]
True,Bug/refetch new invited members/krisp 1117,2,[]
True,Task/custom table pagination/krisp 1120,5,[]
True,chore: api integrate search in contact list,1,[]
True,Bug/add team update cache/krisp 1115,2,[]
True,Feature/archive message/krisp 1077,7,[]
True,Refine Sign up,1,[]
True,[REVIEW ONLY] Feature/search contact/krisp 533,3,[]
True,Bug/update cache workspace add/1105,2,[]
True,Task/refine user auth UI/krisp 1104,3,[]
True,Task/remove workspace id/krisp 1112,3,[]
True,Refactor/member invitee login,5,[]
True,"Pin Unpin and Stare, Unstare",5,[]
True,Task/design fix contact detail/krisp 1083,3,[]
True,search conversation,12,[]
True,Hotfix/invite login change schema,2,[]
True,Task/refine sidebar UI/krisp 1080,2,[]
True,Hotfix/fix contact issue/krisp 1011,4,[]
True,Feature/editable contact name/krisp 1079,3,[]
True,refactor: reorganise client-to-agent chat-box  folder structure,1,[]
True,added editable field for name in contact detail ,2,[]
True,Bug/contact detail update allcontacts,3,[]
True,Task/refine UI contact message dropdown/krisp 1062,3,[]
True,refactor: removed antd icons,1,[]
True,Hotfix/fix contact bug,3,[]
True,fixed issue for sorting chat messages,1,[]
True,Refactor/contact logs,5,[]
True,Show contact in contact logs when redirect from contact list,12,[]
True,Task/add playbackrate audioplayer UI/krisp 1056,5,[]
True,Hotfix/fix contact bug,4,[]
True,Add universal search ui,3,[]
True,Task/auto refresh contact logs on new msg,5,[]
True,Refactor/conversation sorting and update,2,[]
True,refactor: use route from constant,1,[]
True,auto refresh chat message on receive and send,1,[]
True,Refactor/intersection observer and token refresh,9,[]
True,Task/scroll bar chatbox/krisp 1048,3,[]
True,Task/inbox search contacts UI/krisp 1038,4,[]
True,send sms from contact list/krisp 547,15,[]
True,change email mutation,1,[]
True,Task/inbox refine UI/krisp 995,3,[]
True,Feature/contact pagination/krisp 986,4,[]
True,Feature/change email/krisp 814,2,[]
True,moved files to respective folder,1,[]
True,Refactor: Modals,4,[]
True,Fixes/callbox status fixes,3,[]
True,Feature/delete note,10,[]
True,Feature/inbox list/krisp 877,25,[]
True,[REFINEMENT] CallBox,4,[]
True,Task/refine billing plans pop ups 2/krisp 959,6,[]
True,Task/utils time duration from now/krisp 981,3,[]
True,Task/utils time duration from now/krisp 981,3,[]
True,Refactor enable notification workspace setting,2,[]
True,Task/refine billing plans pop ups/krisp 943,5,[]
True,Feature/chatbox notes api integration/krisp 543,5,[]
True,chore: api call on tab change,4,[]
True,Feature/call box contact detail,2,[]
True,"Refine overview, billing, receipts",2,[]
True,Theme variable suggestions using declaration merging,2,[]
True,refactor: removed unused assets,1,[]
True,Task/api integration workspace notification/krisp 929,3,[]
True,Refactor/import module,2,[]
True,Task/email chip component/krisp 930,4,[]
True,Inbox list,3,[]
True,refactor number settings,4,[]
True,folder structuring,1,[]
True,Refactor/contact module,4,[]
True,chore: workspace add modal and form localize,1,[]
True,Refactor/navigation,3,[]
True,"Add Upload functionality, make selected audio playable",2,[]
True,restructure folder for navigations,1,[]
True,Refactor/email verification alert reminder,3,[]
True,Code cleanup and refactor,5,[]
True,Feature/send message mutation/krisp 817,3,[]
True,Task/number settings voicemail UI/krisp 913,8,[]
True,Static/languages json,5,[]
True,Task/localaization  settings,9,[]
True,Contact Table checkbox - check on clicking image,1,[]
True,Feature/localaization implementation/krisp 883,17,[]
True,Feature/list workspace,5,[]
True,Hotfix/comment ws link codes,2,[]
True,Task/number settings select function/krisp 907,9,[]
True,added company in client gql query schema,1,[]
True,Feature/localaization krisp 885,6,[]
True,Add NumberSettings-Team Shared screen,1,[]
True,Display logout pop over to the front,1,[]
True,Task/add number settings individual UI/krisp 902,5,[]
True,refactor: reorganaize organism folder structure,1,[]
True,Feature/update contact information/krisp 545,28,[]
True,"Align Circular progress bar, Fix Date style",1,[]
True,Feature/update workplace/krisp 473,2,[]
True,Task/settings numbers refine UI/krisp 832,10,[]
True,Cleanup,3,[]
True,Update Workspace Photo,3,[]
True,Bug/firing app url on upload/krisp 866,3,[]
True,Feature/sms message/krisp 815,6,[]
True,Feature/resend invitation and copy link/krisp 465,15,[]
True,Fix/workspace members as per api,2,[]
True,Feature/change role and remove workspace member/krisp 785 464,4,[]
True,refactor: implement proper type for query and use of immer,1,[]
True,Refactoring,4,[]
True,Task/refine UI settings page/krisp 813,11,[]
True,[FIX] Error message showing after delete success,2,[]
True,Refactor/my profile module,4,[]
True,refactor: showing error key instead of whole message.,1,[]
True,refactor: removed updating cache and used localstate to update,1,[]
True,"[POC] update objects, arrays without mutating the original. ",2,[]
True,Feature/change default language/krisp 481,6,[]
True,Feature/delete workspace/krisp 474,5,[]
True,Task/refine UI settings page/krisp 783,6,[]
True,Feature/api integration my profile/krisp 460,8,[]
True,chore: filter team list after delete,1,[]
True,useCountryFromIp,3,[]
True,fixes like workspace name and title,1,[]
True,Intersection Observer implementation for Infinite Scrolling,4,[]
True,Feature/delete team/krisp 603,5,[]
True,Task/refine UI settings page/krisp 779,2,[]
True,Feature/api integration my profile/krisp 460,5,[]
True,Feature/invite member from navigation/krisp 455,2,[]
True,Task/refine UI settings page/krisp 769,8,[]
True,few code prettified,1,[]
True,Feature/workspace member list/krisp 456,2,[]
True,refactor: fix certain lint warning ,2,[]
True,Task/update nav with team,10,[]
True,Task/refine UI contact page/krisp 748,4,[]
True,Config/eslint,6,[]
True,refactor: redirect to login screen after invitation accept,1,[]
True,Bug/undefined in invitation details/krisp 756,2,[]
True,Bug/change email sticky note/krisp 738 kirsp 750,3,[]
True,chore: save user_profile_status to local storage after verified,1,[]
True,Hotfix/fix css errors/krisp 736,5,[]
True,refactor: removed refetch queries and used update function,1,[]
True,remove member api integration,2,[]
True,refactor: fix bug not showing toast and modal not closed after succesâ€¦,1,[]
True,Refine UI - Logout Popover,1,[]
True,Hotfix/font issues fix due to css error,2,[]
True,refactor: fix loading bug,1,[]
True,refactor: new user screen layout fix,1,[]
True,chore: work place edit reflecting instantly,3,[]
True,Feature/view profile information/krisp 571,3,[]
True,Task/refine UI settings emoji picker/krisp 734,3,[]
True,Task/refine UI toasters/krisp 731,4,[]
True,contact upload and team member listing,8,[]
True,Task/form validation add members/krisp 462,5,[]
True,notifications on team setting on success operation,1,[]
True,Feature/verify email /krisp 730 ,9,[]
True,Task/contact page refine UI/krisp 692,8,[]
True,Feature/edit team,2,[]
True,Feature/edit workspace api integration/krisp 428,4,[]
True,Task/receipts,7,[]
True,refactor: revert back to first and last name,2,[]
True,changed regex for password with atleast 1 special character,1,[]
True,Feature/join with invitation link/krisp 490 ,24,[]
True,refactor: fix undefined user and toast message not showing in success,1,[]
True,Hotfix/client side sorting,4,[]
True,feat: api integration resend verification link,2,[]
True,Confirm  Email,1,[]
True,Task/alert change email,5,[]
True,Task/billing/krisp 682,5,[]
True,Task/inbox page refine UI/krisp 651,3,[]
True,team create,2,[]
True,"Feature/billing cards/krisp 663 ,664",11,[]
True,Feature/contact detail integration/krisp 647,11,[]
True,Task/numbers listing/krisp 519,3,[]
True,"Feature/billing plans overview/krisp 648, 649",10,[]
True,Task/refine UI work on fixes/krisp 639,4,[]
True,Feature/contact page refine UI/krisp 605,5,[]
True,Task/route changes,5,[]
True,Feature/invite member/krisp 462,7,[]
True,refactor: Errorpage Refinement,2,[]
True,Task/registered member invitation screen/krisp 633,4,[]
True,"refactor:remove copy link,cancel, and add back button",1,[]
True,Feature/team page UI/krisp 601,10,[]
True,Feature/contact page refine UI/krisp 600,4,[]
True,"design fixes for login,forgotpasswprd,memberinvite page",1,[]
True,Task/phone input customaization/krisp 572,2,[]
True,Task/auth screen new design/krip 566,8,[]
True,Task/contact refinement/krisp 524,22,[]
True,Task/invitee login screen/krisp 555,7,[]
True,Refine UI - settings/members,1,[]
True,Task/registration updated api integration,3,[]
True,Feature/team/krisp 447,8,[]
True,popup issue with team mutation cleanup,1,[]
True,refactor: team add with add button,1,[]
True,Feature/cleanup contact add,4,[]
True,Feature/settings page refine UI/krisp 496,3,[]
True,Feature/settings page refine UI/krisp 496,478,[]
True,Task/radio box,5,[]
True,Task/add button in sideworkspacebar/krisp 505,3,[]
True,bugs: fix design broken in production,1,[]
True,Refine UI Settings/Members,3,[]
True,Tassk/form fields refactor/krisp 466,4,[]
True,refactor: replace checkbox with radio,1,[]
True,Task/globalstyle modularization/krisp 448,8,[]
True,Feature/add channel form/krisp 446,10,[]
True,Feature/user verification status alert,3,[]
True,phone input field hooking react form,6,[]
True,Fix spacing in pop up forms,1,[]
True,Task/add perfect scrollbar,2,[]
True,Features/call box related/krisp 344,4,[]
True,refactor: types of onchange,1,[]
True,Feature/settings page refine UI/krisp 418,5,[]
True,refactor: fix margin-bottom problem between two fields,1,[]
True,created separate HOC for public routes,2,[]
True,Refactor/share access,2,[]
True,Refactor/csv parser,4,[]
True,Task/design implementation logout popover/krisp 420,2,[]
True,refactor: choose one language at a time and discard multipleselection,2,[]
True,Refine Settings UI - Billing & Plans,1,[]
True,api integration for user registration,1,[]
True,Feature/first launch screens/krisp 404,5,[]
True,Feature/settings page refine UI/krisp 396,3,[]
True,Feature/share access/krisp 397,3,[]
True,Feature/settings page refine UI/krisp 391,3,[]
True,design implementation for adding new workspace,3,[]
True,Feature/validation signup form/krisp 393,4,[]
True,Task/add member steps form/krisp 392,6,[]
True,Refine Settings UI - Contacts,2,[]
True,Feature/design implementaion/krisp 390,3,[]
True,refactor: emoji picker set flag as default first,1,[]
True,"Refine Settings UI - Edit, Change Popups",1,[]
True,Feature/map imported contact fields/krisp 370,4,[]
True,[WIP] Feature/contact import/krisp 368,5,[]
True,Feature/settings page refine UI/krisp 361,3,[]
True,Task/tooltip in settings contact/krisp 362,2,[]
True,folder naming conflict resolved,1,[]
True,Feature/settings page refine UI/krisp 352,3,[]
True,Task/profile image upload component/krisp 327,4,[]
True,Task/form submit from modal/krisp 353,11,[]
True,Task/tooltip for sidenavbar,7,[]
True,UI,10,[]
True,UI,292,[]
True,Hotfix/addworkspace api integration,2,[]
True,Feature: contact api integration (WIP),13,[]
True,Task/call flow strategy setup component,10,[]
True,Hotfix/side nav design issues,6,[]
True,Feature/inbox page refine UI/krisp 343,4,[]
True,fixed design issue of sidenav bar,1,[]
True,UI,40,[]
True,Task/sidebar design fixes,3,[]
True,Task/fix layout design,3,[]
True,Feature/call states/krisp 318,8,[]
True,Task/refactor sidebar component,4,[]
True,Task/add workspace page fixes,2,[]
True,feat: conversation dropdown option component,1,[]
True,Feature/inbox page refine UI/krisp 285,11,[]
True,Feature/settings language and emoji component/krisp 304,8,[]
True,Add New workspace for new user.,7,[]
True,Feature/workspace channel teams/krisp 271,4,[]
True,Feature/settings pages/krisp 270,27,[]
True,Feature/multiple states/krisp 223,3,[]
True,Feature/workplace and integrations settings/krisp 265,9,[]
True,Feature/edit fields modal/krisp 254,11,[]
True,Feature/contacts setting/krisp 251,35,[]
True,Feature/login page languages dropdown,3,[]
True,Feature/refine design/krisp 242,9,[]
True,Feature/interactive chatbox/krisp 212,14,[]
True,Feature/chatbox lyout refine/krisp 210,8,[]
True,Feature/user restriction/krisp 209,4,[]
True,Feature/localization/krisp 206,5,[]
True,Feature/sidebar refinement/krisp 202,17,[]
True,Feature/auth api integration/krisp 170,4,[]
True,Feature/contact table UI/krisp 199,5,[]
True,media query breakpoint made reusable,1,[]
True,Feature/login UI redesign/krisp 177,10,[]
True,Features/number settings/krisp 185,9,[]
True,Feature/settings/krisp 175,15,[]
True,Feature/contact page components/krisp 164,18,[]
True,Develop,62,[]
True,fixes: fields component confilct in textbox,2,[]
True,feat: errors page and empty contact page,2,[]
True,Feature/auth system/krisp 89,4,[]
True,Feature/chatbox/krisp 93,36,[]
